epoch_num,avg_training_loss,avg_validation_loss
0,0.4384429132864794,0.1670869396595688
1,0.38741188948905064,0.2661820616755452
2,0.38606569776196537,0.15833128036905106
3,0.3806516763972648,0.26531140870981285
4,0.3788427550667597,0.36922608711919586
5,0.3736782201646289,0.4774950884438895
6,0.37271217486740654,0.2526778490184904
7,0.36826196857440574,0.1325019296076331
8,0.3662574812217992,0.23283613874362066
9,0.3592345870755332,0.2455395365303213
10,0.35870748796948704,0.3548025934846251
11,0.35672990475539845,0.29777590597009324
12,0.36061613011507365,1.52104572482876
13,0.3533326657281983,0.23281823385220307
14,0.35415105194221286,0.34206797588955273
15,0.34869076407250055,0.19402998664996007
16,0.34811949568030237,0.40804005002642013
17,0.3449045677243931,0.2621942999271246
18,0.3426181461156147,0.5708977056966795
19,0.34253034821630957,0.2043700063457856
20,0.34111241286183547,0.48963061808706165
21,0.34001428392934196,0.2302238823963212
22,0.34175371581021635,0.3617221679720845
23,0.3400520136510884,0.34601215153307346
24,0.33949243052874095,0.4126783891782894
25,0.33426202314871317,0.3625432265388382
26,0.33614868256780833,0.3092694299204366
27,0.33751116459384345,0.6613944314576529
28,0.3301003684968124,0.3098139455476841
29,0.33391405860950923,0.31853125197487275
30,0.3353811193027614,0.23609261417930777
31,0.33284959257752755,0.294460374366987
32,0.33131238924868345,0.40101027624173596
33,0.329308667834158,0.6100003079517738
34,0.3297171075954844,0.2515998474888868
35,0.3318918144629323,0.2635153586214239
36,0.3266375758581694,0.37382809869892947
37,0.3305187441132684,0.23699539467379763
38,0.3265496005062709,0.3492829138999219
39,0.3276194825584507,0.3098670738143521
40,0.32594917924315825,0.5113083666021173
41,0.3243493694582102,0.5170907932561595
42,0.3294347039159432,0.2850598772088965
43,0.32750473631384935,0.3092913394207721
44,0.3282401894713628,0.5489954837969133
45,0.32404965276335496,0.382692145092504
46,0.3244414916193046,0.4017810103568164
47,0.3259682819247241,0.2273628716389616
48,0.327043382897053,0.3751439938803653
49,0.3279248201368769,0.2816355811966049
50,0.3261893176738126,0.37915531311418627
51,0.3278314654289934,0.303293606097048
52,0.3222514166324227,0.2289868254553188
53,0.32438999221280734,0.3179522908025688
54,0.3239850124643172,0.3012213149479219
55,0.32531472661612976,0.30718181641785414
56,0.3246523089614916,0.32494796447820595
57,0.3220676082335867,0.37302569909529254
58,0.3236999912578383,0.2229016274213791
59,0.32027875586056453,0.2294996337040321
60,0.32174886373090167,0.35250759281061744
61,0.32094281166791927,0.4388901976855485
62,0.3202325748808588,0.24518843141052274
63,0.3209379319791441,0.29463596829584426
64,0.3197438913179034,0.32274784762542563
65,0.32072203920947184,0.31835462746920284
66,0.31697023076775627,0.46981209537366053
67,0.3191703910628954,0.5264092844266158
68,0.31745115559042225,0.3015787591050555
69,0.32040775622482653,0.3575029236661804
70,0.3201580113834805,0.406048980521989
71,0.3186278591921303,0.3823181167765931
72,0.31979070269031296,0.28945789074564315
73,0.31998436927427554,0.42446232957023006
74,0.32092734165029796,0.34985331711652395
75,0.3180204479598709,0.31117450388578266
76,0.31570636560151616,0.32761723563804496
77,0.3143329207911906,0.26582467253808373
78,0.31738404765909134,0.2859527689593655
79,0.31814447871328844,0.29559625674794604
80,0.3168953099368529,0.3497183395849241
81,0.3145526136329146,0.34386640057697165
82,0.3157541305470614,0.27531587848296535
83,0.3195437067452773,0.5016820366149182
84,0.31852497563317933,0.31691386941429617
85,0.3167968084230832,0.38233785456293945
86,0.3141734216316244,0.27594447479798245
87,0.3204146738589545,0.3332849897287942
88,0.3146903939085242,0.45557943976425624
89,0.3169047766445593,0.38876137554228724
90,0.3158440728430392,0.2996992152053993
91,0.3130862559801269,0.4463321762485104
92,0.3171100809434316,0.4274510728729355
93,0.31410745032775567,0.3198476407702986
94,0.317098781153743,0.30372984592731184
95,0.3144506329003677,0.3758478232405402
96,0.31418305572904187,0.33130259207495444
97,0.31524109076938556,0.41012998477562324
98,0.3155378099208995,0.23600820639541933
99,0.31554233913804236,0.35879234313131214
100,0.31267912720824476,0.376671017675133
101,0.3147212325606818,0.3251192689567179
102,0.31483533728269886,0.2843393732409377
103,0.3115461714841703,0.2604684974555369
104,0.31214852499557155,0.3441709046597247
105,0.3130635159986993,0.2673436845099176
106,0.3139757792522879,0.33143700700956624
107,0.3170985438941435,0.33659484263483463
108,0.31727370490998374,0.2751827923567979
109,0.3115588353739845,0.27885402739048004
110,0.31202092904735484,0.2685839907897936
111,0.3126464847429301,0.24444894747925805
112,0.31362346598395613,0.23024879510586077
113,0.3155701589989068,0.31974249140365973
114,0.3160602215815473,0.33403826364270456
115,0.3147180260515508,0.3109477716726023
116,0.31289794995093045,0.2423445367729747
117,0.3132349421764598,0.33218137982425155
118,0.3128808439329821,0.41586448137576765
119,0.3101475063297487,0.43298596831468433
120,0.31470073871774473,0.3799701116301797
121,0.31323908865451777,0.2821215713149184
122,0.3141781096841081,0.2947984884877305
123,0.31170421483708016,0.3104544730036409
124,0.3145357078792138,0.34554375770625534
125,0.31227040642205584,0.3142237318354053
126,0.3103327563331452,0.4480201212259439
127,0.3137205493670922,0.31381326820050087
128,0.31418818259312775,0.3110639549843915
129,0.3135202203635819,0.3204290347916263
130,0.313899652291963,0.348912473533537
131,0.31316495030014635,0.26671342906001566
132,0.3088380382752718,0.309314471441549
133,0.3128175284207603,0.38685085608825814
134,0.31340125847009914,0.29404842019914745
135,0.3115323916261582,0.3599056635911648
136,0.31116359140034067,0.48031208002483927
137,0.3097868755459783,0.26503272135774575
138,0.3101349042153653,0.41645887942164095
139,0.31063414716426235,0.36284442475208867
140,0.3137440986655378,0.3059475636565602
141,0.31268586398642734,0.3024297638998165
142,0.3093909774849442,0.31431631400034976
143,0.309312609389976,0.32070714964733255
144,0.31299924298568976,0.32007006477642724
145,0.3097703949168875,0.28063488225420036
146,0.31302528793429135,0.3193576700620718
147,0.31162988758749427,0.2652126570473184
148,0.3122515446977849,0.2972192949765212
149,0.30612227030006506,0.30477089096199383
150,0.31159862393950194,0.35058713198958574
151,0.30792551894246795,0.33906477846048927
152,0.31356303690024323,0.3291419935184759
153,0.3104004449682473,0.2810867205783204
154,0.47183617454619986,0.4962604566887542
155,0.4322170561110533,0.3489032408574244
156,0.38666301237212297,0.3580738539462323
157,0.36713836250113885,0.373232428114731
158,0.3586821341772137,0.34110568370018807
159,0.35474572866051307,0.3436275933172319
160,0.35220936308672374,0.33012719785833694
161,0.34474524967832326,0.31101839629920214
162,0.34555342039208364,0.341231810984078
163,0.3419636657392534,0.36887107852038803
164,0.3372673674498072,0.3559352653426724
165,0.3367638175318268,0.35293870757926593
166,0.3360301266481846,0.33024108847538075
167,0.3357425174227471,0.3163653240128831
168,0.32869176903256664,0.36997083267131886
169,0.3637034150001445,0.8781020624654277
170,0.4284063497075329,0.3487124115853876
171,0.3886377870668603,0.33674696494232526
172,0.3862671678816829,0.35205471494814733
173,0.366370816786348,0.3417472789337585
174,0.35913547807269636,0.3313823228741026
175,0.3570978757039998,0.37701588900356026
176,0.35107176346175467,0.29965408271426086
177,0.35052506736031264,0.30416112356669417
178,0.34694096802929364,0.31019717913407546
179,0.3426601826960658,0.35053846865267185
180,0.3410607943932216,0.3065955472159219
181,0.33734313036188635,0.2992301228996757
182,0.33979435892384735,0.34331225202633786
183,0.33356225724205585,0.3175751543962039
184,0.335284548004468,0.3344876258731722
185,0.33328577616700444,0.36414348370545396
186,0.33222988293862615,0.36499569007566757
187,0.33204565026141986,0.3395540932050118
188,0.3303157886789174,0.3575995395650397
189,0.3244880116464178,0.28143638289058126
190,0.327059962646461,0.36417081733266793
191,0.32361219457270163,0.31921898610108385
192,0.32684343017545814,0.33298919949081396
193,0.32393065109664976,0.2663661008114581
194,0.3248400108681783,0.3523341369378817
195,0.32358677784601836,0.29644612196858944
196,0.32379231342562914,0.3511465576353607
197,0.3186598805917631,0.40424229350540186
198,0.3236735052348656,0.2837738966816789
199,0.32105220254556627,0.32515640077474234
200,0.32156223369601344,0.33419727372539626
201,0.3176711247659023,0.3399402851408178
202,0.3195585576656431,0.32959776752061776
203,0.316579989463459,0.38623522649278175
204,0.31969842447174895,0.3579151847145774
205,0.3186099034768566,0.33342990154152985
206,0.3160790387679027,0.464514217801861
207,0.3187431411610706,0.28500921388606093
208,0.3153639116588935,0.3198402110304866
209,0.3191776502647518,0.2692071138978838
210,0.31412169199298917,0.3008052274272158
211,0.3164075193949688,0.3263417246875229
212,0.31610086937377485,0.286953436223777
213,0.31758277372077653,0.33780924611158303
214,0.32336749149325467,0.42669369082350833
215,0.31351847361635304,0.3189836751956206
216,0.3137738474541241,0.3553446129068628
217,0.31736936699828994,0.315178743088162
218,0.3188317870100336,0.31502727195099517
219,0.3125657520544384,0.3755122137653244
220,0.31358290132549066,0.28291195829014676
221,0.31604998869660506,0.44826753739710457
222,0.31260815216803234,0.29184058339862556
223,0.313207638410874,0.3191969987604168
224,0.31446846425533237,0.3102624266297667
225,0.31445825300466873,0.27906437749629254
226,0.3136772170110984,0.26239755114058516
227,0.31282888384144997,0.3007215287510332
228,0.31078128838612773,0.3843618021769957
229,0.31234837770462065,0.3757472029932729
230,0.30894311419975595,0.3075601960812415
231,0.31097901625397795,0.3064190298318863
232,0.3117464302866546,0.32291912970009384
233,0.311808900222366,0.46948135545203734
234,0.3129091182056766,0.3645765441697794
235,0.3119283597410459,0.44987809407961116
236,0.3093481577288953,0.38846367972714085
237,0.31276351485723364,0.3646546569945929
238,0.31156233328360095,0.2815015019028337
239,0.31162875807947577,0.26154678789052094
240,0.3142463074974072,0.29669384043533487
241,0.30936630646019797,0.37420641990391523
242,0.310879767621741,0.32468318199361124
243,0.3128020751071565,0.3245665860342813
244,0.3088347340439571,0.3404675481411127
245,0.30907901210917404,0.2897777284358765
246,0.3100631308776359,0.30670745691636225
247,0.311162200128591,0.3809784975918857
248,0.3073709585416462,0.24239250673697546
249,0.3114552635285586,0.34695201935051206
250,0.31068526050190876,0.44871049473335695
251,0.3115267502672875,0.36733219631901987
252,0.3122316690138829,0.3565767190673135
253,0.3083035107380077,0.2731215383831438
254,0.30857019062027574,0.35337822274728253
255,0.30870822110661783,0.30246468586521547
256,0.30766967976534826,0.33707384733886986
257,0.3074021630633025,0.2809818190086138
258,0.30771230389306603,0.325816254411544
259,0.30936043376540023,0.3016432538315966
260,0.31127769325250393,0.292710677831323
261,0.3096796400753071,0.2835329298998092
262,0.3078300873806449,0.44061819740108676
263,0.3057487427268503,0.27710965181980934
264,0.30760692586133526,0.3953296552588056
265,0.3077216830886437,0.4024623959631353
266,0.30794083377645354,0.2636985322395405
267,0.30692931027324116,0.2383838824771501
268,0.3062994752769117,0.3033901931314202
269,0.3096241519223024,0.28037203181456855
270,0.30820527516397406,0.3247942015841291
271,0.30842792014648873,0.30021702253318333
272,0.3063713026451472,0.3131355609927144
273,0.3060232610522226,0.3043171222601737
274,0.30770878648316397,0.3492516861720519
275,0.3059938499037129,0.3016189190891239
276,0.3055877591172853,0.24504843218760056
277,0.30745203312900377,0.2635511586090902
278,0.30604372802707847,0.29416011888664084
279,0.3085184320807457,0.32742066420875227
280,0.30753543362205427,0.3115339729335758
281,0.30838785335237584,0.32323752312393456
282,0.30816579036138686,0.3482685502800908
283,0.3068488201977293,0.28779141448594475
284,0.3077940465859421,0.28591192769003915
285,0.30822876631109797,0.3388635652673828
286,0.3072103182658734,0.41090251265705885
287,0.3046381447234268,0.26333795091905793
288,0.30640263778192045,0.3609190895840838
289,0.3051264435052872,0.27685953926790013
290,0.3065921309001655,0.340669983333641
291,0.3089034061005084,0.3102703927071778
292,0.30561810229663494,0.29119302582490697
293,0.3063182027803525,0.2831121553907861
294,0.3082765643243441,0.29256862704153663
295,0.3081344908402286,0.3237275693800066
296,0.3094757055058892,0.2678786416153808
297,0.30591854197375584,0.3146502178657305
298,0.3032095935977537,0.2871786343467819
299,0.3058576274065318,0.3680748168405119
300,0.30344202277469057,0.2500380227615783
301,0.30759357011612515,0.2539208113000943
302,0.30764687449475864,0.3503723597818321
303,0.3018425877815411,0.3525190606609091
304,0.3069754010549301,0.29239083711917585
305,0.3039872139692306,0.2615958534545832
306,0.3062262487448291,0.32338674418576113
307,0.30291798068785364,0.2886213433075618
308,0.3063848892847694,0.3225905106409446
309,0.3070048801324987,0.30522069282881864
310,0.30490294273620794,0.24861997355531146
311,0.30425811218626697,0.2699485839038462
312,0.30465090637221737,0.40572520183933364
313,0.3066414918060653,0.2827054454938515
314,0.30303381567383963,0.34936415315508007
315,0.30273791549750306,0.38554263135769984
316,0.3059932395815844,0.3240869504796875
317,0.3059722973240744,0.30480892153886646
318,0.30392753202238226,0.30343885073711824
319,0.30620106107290873,0.32262141054326837
320,0.3003418708105145,0.33865856582468207
321,0.3047408346960575,0.3781160049505167
322,0.30300543462788593,0.31390530965128144
323,0.3050769610721391,0.2546527574320773
324,0.30530075217470737,0.29672031823571743
325,0.3012896300282005,0.2837122693345263
326,0.3076619637233241,0.36602770636131715
327,0.3064822914423765,0.2854558784853328
328,0.30379788023822085,0.2835619428774694
329,0.30280717629709375,0.34864728725873506
330,0.3087865157627764,0.3310616586383406
331,0.301765495299557,0.28662655268098924
332,0.30203143214737954,0.36917199850916027
333,0.3047361721595127,0.2695398562021189
334,0.2993254300252889,0.31955997031051797
335,0.30316477395870045,0.27498718668947686
336,0.3029187850562145,0.3664677419237324
337,0.33874583178096307,0.6874826066977494
338,0.38622585279338156,0.3415514938272796
339,0.35473865060894627,0.31891533086349916
340,0.34609472190524304,0.3359622569767745
341,0.3394658290861564,0.3169424452564933
342,0.33423717971201305,0.3170102637756121
343,0.3304474682351689,0.3022049550826733
344,0.32969947689109386,0.3461157478444226
345,0.32778781071121305,0.31498379234250606
346,0.31993574669331704,0.3549346951963185
347,0.31987189334115923,0.3095492652871392
348,0.31731207639346887,0.36949043017584127
349,0.31677146864893996,0.3168332176608639
350,0.3190891639685928,0.3655416845650106
351,0.31138276923217917,0.2931641018265611
352,0.3152645590496651,0.30083866625815836
353,0.30961618187986784,0.31238955874126273
354,0.34295673204792887,0.30742775685303697
355,0.3274594111207095,0.26328056060767674
356,0.3199132620552438,0.31092958933823595
357,0.3171458298593391,0.3032371975950428
358,0.3133769703684029,0.28517090305164977
359,0.31485087847636084,0.30622281999021145
360,0.3129178400576851,0.3307843925235988
361,0.31035653166932853,0.30642625950016344
362,0.31031636157889403,0.36278349557122985
363,0.31156424197517774,0.29423902928829193
364,0.3082387656709297,0.27808957447955657
365,0.3077503979022118,0.4204209025923189
366,0.30784044961134566,0.3265200356295059
367,0.30715268287393804,0.29014771165964487
368,0.30814029728924786,0.3838946614023689
369,0.30721020306702,0.31496928017456216
370,0.3098481801740919,0.27675395891382976
371,0.30685811164202464,0.2754092715628497
372,0.30546030328597534,0.32120490772324006
373,0.30366485613731714,0.35483003756799897
374,0.3053569971043384,0.3424155354708225
375,0.3062424389668453,0.33569628583801375
376,0.3052918249810183,0.30457536938723984
377,0.3084151788626187,0.28707342412505116
378,0.4223318686455856,0.9037212154248377
379,0.5184344089325562,0.6365745067596436
380,0.5829050367261156,0.5622788705192245
381,0.5306736885765448,0.634642084786942
382,0.5412346685742162,0.5971514568045423
383,0.4857352953634145,0.5087256075202168
384,0.5474417875578376,0.5476731595459517
385,0.5301754022454042,0.6394341000310191
386,0.4936688656424298,0.5455110152284582
387,0.4658788154522576,0.4658228861285256
388,0.4438271773450168,0.4453529425851115
389,0.4816885108933037,0.5547570688324375
390,0.5197141766548158,0.6196547054744267
391,0.5421575255600025,0.6703852475523115
392,0.5370279602798415,0.633061439424128
393,0.5123088135395527,0.5680123152849558
394,0.485744859958872,0.514566523628635
395,0.5976553886025032,0.34619602915290354
396,0.5970590387965424,0.4158362800424749
397,0.7488888174663363,0.36169948402818264
398,0.6996873740796684,0.3927577731909452
399,0.6134672400392127,0.4655203144033472
400,0.6610663640278356,0.4653430681128602
401,0.6607123332627028,0.46974891882676345
402,0.6394019429698418,0.4651762926495159
403,0.6038505620426606,0.43764996341058426
404,0.6302106302461511,0.3984864937675583
405,0.6677273246977067,0.39099211396870914
406,0.6493213565997138,0.37944172520737546
407,0.6234627494841452,0.3656139486319535
408,0.5971420711205333,0.41616516784354524
409,0.6004149177928028,0.502554102377458
410,0.5983981172243757,0.49341302484899136
411,0.5615782645381521,0.8273109143430536
412,0.6004809294585827,0.4390964856097748
413,0.4941071477201249,0.40169833819349327
414,0.4678882272155196,0.31841196390715515
415,0.4442661045142161,0.36154085533185437
416,0.4201178568380847,0.36730856734972733
417,0.3974157519914489,0.4215614687312733
418,0.3880859686636633,0.3308009269771042
419,0.3815391664887656,0.31698628072138435
420,0.6737966931528513,0.4986389454428133
421,0.505520684667575,0.7424423534136552
422,0.6018570800622294,0.7322780402390273
423,0.6014311982157791,0.724025408287982
424,0.6480527912025089,1.055857675475674
425,0.6471390129239476,0.940643350561182
426,0.6170361447113546,0.7272213151404908
427,0.5448407504293652,0.39169455658305774
428,0.6008967816829688,0.7887176114779252
429,0.5693939805398743,0.5074174085280279
430,0.5387950186376224,0.6407697886436969
431,0.5681497546625717,0.6060521360877511
432,0.6858245811712597,0.846655929422045
433,0.605845374568009,0.5345327264362282
434,0.559360083091406,0.6186114658008922
435,0.5743248964533384,0.5160511619561202
436,0.5309384592153408,0.4339706716420767
437,0.5094924696801628,0.39638836775626335
438,0.49221578902668395,0.3980878579033005
439,0.4921561484351571,0.42739436530566716
440,0.4928470293312897,0.3868515190336254
441,0.599651969067845,0.6648439093903228
442,0.5808821401846258,0.6040883835379061
443,0.5616610911157403,0.5320356429873646
444,0.5517092380258776,0.41590219465169037
445,0.6348569232740524,0.6513072056370182
446,0.571714981176236,0.613358063089264
447,0.557322784117711,0.5645159249539142
448,0.6191007572191741,0.6530007986755638
449,0.6421577179873443,0.6252659380019128
450,0.6355701525270199,0.5926331175373984
451,0.5839603601782415,0.3748235018936904
452,0.5433153319138068,0.4388741746649042
453,0.5296238248362952,0.3974245803339498
454,0.5138147992116424,0.42009740651070654
455,0.4966301755036837,0.40319611413495526
456,0.4776779948929211,0.2987407911699135
457,0.5254034941947027,0.8420445977391063
458,0.6486474899598113,1.0947463166463625
459,0.5750734599652111,0.47545165948934487
460,0.5254157559739223,0.4997782901033655
461,0.5618874466345636,0.6021790075135398
462,0.55551286317684,0.49109367661542824
463,0.5886356235654274,0.5300094212268616
464,0.5745659863507303,0.48880922773501256
465,0.5590134037129671,0.5724374203831999
466,0.5565540439920651,0.5258861882286472
467,0.5477659694942425,0.5864244488986222
468,0.6092821872896622,0.5278334936478755
469,0.587988175065429,0.5673059800288061
470,0.5900935358839269,0.6235892768506404
471,0.6133064523891175,0.6022955404294954
472,0.5976063133757794,0.5371601621170977
473,0.6178947187500242,0.6235925834495705
474,0.6143376419205723,0.590223379485257
475,0.5812093871979068,0.4911817958304932
476,0.5466975398637636,0.46524895279557554
477,0.6195802429575982,0.6872528241230891
478,0.650879054452166,0.6004057284835336
479,0.6250179382018098,0.6422407201953702
480,0.6305617097719224,0.6386840910344691
481,0.6335508110346619,0.6265634727644753
482,0.6219557513425372,0.5444400852376764
483,0.6324981226597302,0.6710307627291112
484,0.6390212451234275,0.6284172063940888
485,0.6338530122497943,0.6085523062652641
486,0.6208964012287278,0.5640748899716598
487,0.6261710231686813,0.67772427013704
488,0.6552040149400257,0.6362977348841153
489,0.6026956064465605,0.5607128289196041
490,0.5790022864385884,0.5390382534140473
491,0.6172971423761338,0.6027273873349169
492,0.6428929099330188,0.5943033540999139
493,0.6427866466251423,0.5442420225460213
494,0.641741185129425,0.5453254726383235
495,0.6422350441232136,0.6635013322730164
496,0.6436866926558225,0.6050104603067145
497,0.6117801875243964,0.5140594685827935
498,0.5817585481169778,0.5367890383813765
499,0.551719059877925,0.4988337678092343
500,0.5300897979074052,0.5004714039655832
501,0.5578453946260759,0.5291216579767374
502,0.5603148159789455,0.5328884116419546
503,0.5532795521948074,0.5162467881516143
504,0.6208614040672036,0.6663100786142416
505,0.5789825281979115,0.48461719722180935
506,0.5916764932650105,0.5009815897141303
507,0.6321785463963026,0.581183824922655
508,0.6307753002937923,0.5746681881951285
509,0.6191450329474459,0.7718916131066276
510,0.6324058242050211,0.739242787544544
511,0.6235685849631283,0.6455635974457213
512,0.6195917695392801,0.655693638574827
513,0.6157509574183705,0.5915670978439438
514,0.6185989209163332,0.45883646003016226
515,0.6155019717451972,0.5315283061741115
516,0.6150235902380057,0.5317045127178406
517,0.6103585133581976,0.5088558153255837
518,0.601950244329594,0.5717140086047299
519,0.6039237623597373,0.5789977324592483
520,0.6327449392389359,0.7067225021082204
521,0.6386199699507814,0.619882036339153
522,0.633296404061494,0.7169052349937546
523,0.6012258045467331,0.5770942395800477
524,0.6137896888417962,0.6549618415065579
525,0.6461308302702733,0.6505579702504032
526,0.6566294969599921,0.628253706685313
527,0.6468834280231853,0.6275464037915209
528,0.6404453568988377,0.5801738971596831
529,0.6408968761379334,0.42559612234989247
530,0.6006060495052806,0.41341636085010075
531,0.5860010655205921,0.43017289667696385
532,0.5716664313902085,0.45022123614391246
533,0.5546068279831492,0.40900343864947764
534,0.5880273639051999,0.5200636022157602
535,0.6294343740115929,0.6466975478859215
536,0.6236193559052039,0.644657064151097
537,0.6405089256940063,0.5959935688472294
538,0.6115127638534259,0.43402076538626133
539,0.6495220825260068,0.5440682589590966
540,0.6562415384216073,0.3837832739719978
541,0.6588768206260817,0.4276438370034411
542,0.6476387484574015,0.4421880343160429
543,0.6302410772553201,0.4430554519583295
544,0.640778129115517,0.5554021188429186
545,0.6403053898134342,0.5622318378695241
546,0.6209932290477518,0.5343975368496421
547,0.5971497198681769,0.544834896192684
548,0.6266525134628205,0.5876760291052865
549,0.637889347768124,0.5944723074252789
550,0.6269264882729375,0.5622246736413116
551,0.6118822551803831,0.5479319224824438
552,0.6225146943404352,0.5291580238959173
553,0.604416652152567,0.5671088730955457
554,0.5889343540241693,0.4228142572866453
555,0.5510772458197153,0.43104761005281567
556,0.5314859272521226,0.4311753967842022
557,0.5111142207810914,0.46175525738642764
558,0.5009922348054834,0.459525307366898
559,0.4879767856480166,0.39033713478308457
560,0.6185226930512333,0.6649838098279246
561,0.6365987356798144,0.8539143317229264
562,0.7311937415305468,1.0226962766447267
563,0.695443413875721,0.9141135503362109
564,0.6722822705904647,0.8133951333852915
565,0.6447225993798111,0.7082496231252496
566,0.6306478937466938,0.6327628876779463
567,0.6038911514076183,0.5834915840125584
568,0.6048523215599999,0.6141067589079583
569,0.6037820302409885,0.561652925256249
570,0.5914901534716291,0.5803271990555984
571,0.6137521349353559,0.6841762786978608
572,0.6095146889303937,0.5836356130096462
573,0.5919158581230376,0.47463311703055056
574,0.6067202321541162,0.5934407144159703
575,0.5926991368517458,0.5686259567737579
576,0.6274002175272237,0.7067067869059689
577,0.6072808912506813,0.5678337701967546
578,0.597554626508995,0.6024868971817977
579,0.629948170906232,0.5713770597964734
580,0.5977686371332338,0.5730403799277085
581,0.5902742964985934,0.5467706324754061
582,0.6250662151678118,0.5435438812612654
583,0.6017186800638836,0.5263784152644497
584,0.5990525608445392,0.5765619077882567
585,0.5928282751713266,0.5740983773778369
586,0.6019806624930587,0.5835940602359239
587,0.6004675248522809,0.5784326147783053
588,0.58592052893874,0.5663412396724408
589,0.599202607737647,0.5945285608718446
590,0.5907008297649433,0.5200514805900467
591,0.5878680548182235,0.6970886054572526
592,0.6112144004415582,0.7288468555136994
593,0.6215833666883881,0.6577458256608123
594,0.6208381841947997,0.4449927381702236
595,0.6160386658745041,0.623557036156421
596,0.62080107110518,0.5615951535585043
597,0.6053294486469694,0.6805786961442107
598,0.6491413740464194,0.5148008311545098
599,0.6266427625108656,0.46301775816437246
600,0.6821322953995368,0.48309707870850194
601,0.6726827514024423,0.49386417115484915
602,0.6584185356711162,0.47577046556072633
603,0.6221652559292167,0.4235725696687098
604,0.633427329048698,0.4616996179093848
605,0.6197287540376926,0.5181624147441838
606,0.6088206476635408,0.5511561267442636
607,0.6159432055773553,0.7101334871112049
608,0.6328583687911803,0.7439099050068355
609,0.6183268265959647,0.5991367374683594
610,0.5993242771537206,0.5669159320267764
611,0.5937144028551784,0.5895382872411421
612,0.5822148394437491,0.5746427799438263
613,0.5738941674615131,0.5744551947483649
614,0.5801599178417225,0.5709544770367496
615,0.6239750593164817,0.6054447514193875
616,0.6127245748484581,0.5830458500585356
617,0.7606943390251679,0.6154556070174371
618,0.6521180774694609,0.6137581946966532
619,0.6493127284226594,0.6140234874678658
620,0.6373574710922475,0.5806695812648827
621,0.6283378284654502,0.5989262966009287
622,0.6610804164851151,0.7998096880379256
623,0.6464656932118494,0.7102792817395884
624,0.6394574464839187,0.6241263576320835
625,0.629282879167133,0.39340665311246487
626,0.6397154419510449,0.48966959994156045
627,0.6329477047478713,0.6232341194486285
628,0.6063664253847107,0.5373644828796387
629,0.6277818211066873,0.5780917497781607
630,0.6168780038386212,0.4349760930021326
631,0.639122724827424,0.5876743593416014
632,0.6281160900622238,0.5628427585938593
633,0.6123432907793253,0.49665595205513746
634,0.6476103920995456,0.705871998430132
635,0.6283985766363741,0.6251880664091843
636,0.6448181244326233,0.6349942921758531
637,0.6153678408743417,0.8747052471120874
638,0.6376969494201513,0.6438104918786696
639,0.6196223468692211,0.5298323160284882
640,0.6365534129702016,0.6681967452689485
641,0.6981276140536798,0.6998735883019187
642,0.6549347329286885,0.6581364511609911
643,0.6508127706286346,0.6303505176430816
644,0.6443308415236297,0.5737256712013191
645,0.6402782774265895,0.5814946581433703
646,0.6356970327871819,0.6050679446100355
647,0.6309833946787284,0.6062623783425017
648,0.6193536896764501,0.5702491237983837
649,0.6366736451048912,0.6143734225860009
650,0.6524270085640896,0.5733187740499323
651,0.6490086342081614,0.628277416412647
652,0.6454185080381081,0.5578841683747885
653,0.6258135269453496,0.5558789324510348
654,0.614316334253476,0.6056720451875166
655,0.6370537476775091,0.5503722827334504
656,0.7035910435664803,0.5403370006934746
657,0.6251997236116443,0.5343438109734675
658,0.6237976023444427,0.548970649292419
659,0.6218811971905795,0.5522850153746305
660,0.6410683607613596,0.4637531569370857
661,0.6296593913325557,0.5264484480127588
662,0.63722970875693,0.6870573909132631
663,0.6374279435034151,0.6417272211788417
664,0.6308002708870688,0.6019965472754899
665,0.6272328848456165,0.5877136046236212
666,0.6247314696694597,0.624171754696986
667,0.6329698869475618,0.8108061214427015
668,0.6588486786977744,0.6212731499771972
669,0.6579497149697051,0.5482049196750134
670,0.6622171038462774,0.5869448414215674
671,0.6573855587729701,0.6192123052123544
672,0.645925951298373,0.5803457759060227
673,0.6465729912122087,0.6173029675350322
674,0.6332783246481867,0.5612295968132419
675,0.6847383153291399,0.7995833775380274
676,0.6184873057736283,0.5155533204128692
677,0.5558907043418766,0.4328492169196789
678,0.5771870029929245,0.7738108943392347
679,0.6414517552764328,0.798739913460258
680,0.6609991703504396,0.8860082459616494
681,0.6824637022283344,0.8560611438917947
682,0.6695841954814066,0.8038372393254634
683,0.6469169142805502,0.7203374792645861
684,0.6660611846932663,0.800347276084073
685,0.651472238993939,0.8124401465162531
686,0.6535424248671827,0.7024101473234751
687,0.6371250407931244,0.5935513456384619
688,0.6301580007429468,0.6074961290492878
689,0.622663923031018,0.5741929578614402
690,0.6213125079502292,0.6051195726528035
691,0.6119600666157984,0.649854585007354
692,0.6348199284371032,0.6021477259122409
693,0.6505315927075745,0.5838148698106512
694,0.669596325210583,0.8160712635600483
695,0.6258948203222253,0.614734736772684
696,0.6200106507466158,0.7464438226673152
697,0.6437721574012143,0.6352366792572128
698,0.6365200305426558,0.6234748334317775
699,0.6492919162467667,0.39516208513633355
700,0.6332403350759431,0.40781789684629105
701,0.6248163502157486,0.4525397076056554
702,0.6424565626515283,0.5788976016578141
703,0.6468917808414977,0.581454377907973
704,0.6301067129329393,0.6025262279110355
705,0.6298382514788778,0.5831330947942667
706,0.6240749763117892,0.5974489233710549
707,0.6334204033569053,0.6128755641150307
708,0.6345577535070023,0.6323451116368487
709,0.6315107946042668,0.5828826696305842
710,0.716687713250702,0.6730176539687843
711,0.6570593071572576,0.6528052762671784
712,0.6489720808871002,0.6004122120517117
713,0.6344562492252862,0.5636387225631234
714,0.6325885451870201,0.6033454483205621
715,0.6444314521036024,0.6221204791869317
716,0.6436240976239423,0.631175437590459
717,0.6222520535374871,0.6014560861187381
718,0.6567284943145,0.6821599498495355
719,0.6416549216817933,0.6162076529923018
720,0.6402936620476809,0.6164435923516334
721,0.6387797708128711,0.6046874777420418
722,0.6561963426478112,0.8337199150265514
723,0.6575284018192755,0.668811532167288
724,0.6243813469086164,0.5227480745398915
725,0.6154805613888626,0.543003648519516
726,0.664134400494305,0.5581549679065918
727,0.6282781805521171,0.5250159281117099
728,0.6096356787799314,0.5280967033826388
729,0.5973997608379079,0.5649463465580573
730,0.618408510272885,0.535511706467275
731,0.5958834442091577,0.5597617098918328
732,0.6083010057240358,0.6241222390761743
733,0.6324158614800308,0.6796372657889252
734,0.6274398157626021,0.5810214922978327
735,0.6512532062000693,0.6965641408533483
736,0.6515787441789369,0.6452616373975794
737,0.6131710956861943,0.5261933105392056
738,0.6160662732006591,0.4898184498290082
739,0.6282305144233474,0.5852833702847674
740,0.6222409355787584,0.7967847652368613
741,0.6536556427861437,0.7271929754243864
742,0.628632491459082,0.6544214645465771
743,0.593012327029382,0.5651660601159075
744,0.6768483840389016,0.5609499710006314
745,0.634479644121947,0.7175800195940725
746,0.6364138847515911,0.678115954349091
747,0.6415749920003208,0.6730816189225737
748,0.6358652286323498,0.6642743053136172
749,0.6309242291215023,0.6166611868184764
750,0.6419693347848486,0.6391876023132484
751,0.644289869732327,0.6253193771088874
752,0.6528801580270132,0.4648940698667006
753,0.6574044805985909,0.5021403002572227
754,0.641503056479089,0.5478246714268531
755,0.6281319663112545,0.5396041934723621
756,0.6339472781728812,0.5902830143491705
757,0.6069436771634187,0.5861426016667506
758,0.6462126090938658,0.5719617405137816
759,0.6250036702479835,0.5032855887096245
760,0.619555552579739,0.5756392245526081
761,0.6567534676304567,0.6598140180527747
762,0.677197638779511,0.48812623207385725
763,0.6399505117793136,0.5090278914341559
764,0.6252056821628852,0.5094575039990299
765,0.6112663396346704,0.45557731077387614
766,0.6103253497753617,0.5912522944537076
767,0.6093353523148427,0.815633205683915
768,0.6500469853112726,0.641523065683725
769,0.6042428049040428,0.5241430120451467
770,0.6202449038072871,0.5527692395490367
771,0.6089280770148764,0.5726353701178011
772,0.5930796759364039,0.5303508426759627
773,0.6698328729029047,0.7025115852589374
774,0.6145101001233229,0.5094101710336192
775,0.5864460882581314,0.5814736948146687
776,0.5686080048481629,0.5499063657297121
777,0.62158983213666,0.5252527838403528
778,0.6200919047549922,0.6560290414136607
779,0.6108584201630253,0.5662278391264536
780,0.6152096206759229,0.5949125715069004
781,0.6460397173593081,0.5986733053114031
782,0.6638104548424848,0.8158189362579292
783,0.6683076238190683,0.6842530486467001
784,0.6527836411823466,0.5922661415346853
785,0.6383527401052881,0.5928224212639815
786,0.6492924005161094,0.5224780859230281
787,0.6242405378524174,0.6320908636479945
788,0.6374752726083922,0.715029100438098
789,0.6443462224654207,0.6562704177169533
790,0.6411479158901877,0.6182266052786287
791,0.6440496537420478,0.5962223598173448
792,0.6237152658862836,0.827907180869496
793,0.671025413421937,0.6167741968081548
794,0.6389663585910103,0.5724144978123111
795,0.6315685211876298,0.6110032088273055
796,0.6313590424296293,0.5886949325774933
797,0.6329932394586965,0.6131237628576639
798,0.6395915971861953,0.609413180317912
799,0.6368145101600216,0.6000361442565918
800,0.6338479722723547,0.6039592269417289
801,0.6240205268800995,0.5871479948917468
802,0.6210432604507169,0.5969561809426421
803,0.6294177110548371,0.643510385826751
804,0.6375082619396252,0.6992527400697028
805,0.6487274426736943,0.6385696271916369
806,0.6378173134945054,0.6022348328903838
807,0.6138197263081873,0.5326375098495216
808,0.6146724327846805,0.608925805225239
809,0.6176864898499153,0.6030868354377213
810,0.6096851165647874,0.5799067583117452
811,0.6032358405766666,0.5867632221091877
812,0.6198738485942654,0.5883086056976051
813,0.6170785492585021,0.6146051725307544
814,0.6376373810532651,0.5019921862578892
815,0.6143735523577082,0.5365318774760186
816,0.6086248434620142,0.543405938398588
817,0.6110633768417219,0.5589199403782824
818,0.6047289881441329,0.5599073163279287
819,0.5986000962095486,0.6210339423659799
820,0.5905274719367783,0.5836243860788278
821,0.5858985229774757,0.5539773064893443
822,0.5969613098068,0.5712704718946577
823,0.5868599659130891,0.56478157201847
824,0.6314192036051801,0.5991110426562649
825,0.6194384071562026,0.5458811615313683
826,0.6019912933125905,0.5842538038333813
827,0.6209517667690904,0.6084559709875734
828,0.6479118625322968,0.6350712230155519
829,0.6280282069135599,0.6870991258354454
830,0.625886628068523,0.6279511914386616
831,0.6246601856049206,0.5987856317233372
832,0.6162763403521644,0.5768769308403655
833,0.6318942493862579,0.562108223254864
834,0.6249757938178967,0.5514841694515068
835,0.6219572416794157,0.5558791931692537
836,0.6370065068021232,0.7333623387596824
837,0.6403256457528951,0.6257169325868567
838,0.631827899850445,0.5408628464161933
839,0.6878352875326894,0.5832756115840032
840,0.6151050639005357,0.6167368580411364
841,0.6273860715053706,0.5052264176465414
842,0.6088330247519936,0.4764797185267602
843,0.6202270682211277,0.770904152126579
844,0.640746977814922,0.6805250190354727
845,0.6403375422513047,0.6774865918226175
846,0.6203705708185827,0.6328375585429318
847,0.6420869520416965,0.5111006146127527
848,0.6294659468862736,0.5160005203077009
849,0.6274812334849512,0.5446041193041768
850,0.6362749010692409,0.5399749533279793
851,0.6252677857139951,0.5835139880647192
852,0.6228429296870305,0.5713148377575241
853,0.6223878646338437,0.5709503868243078
854,0.6085573325186603,0.633716464876295
855,0.637533857351468,0.5551492052895206
856,0.6395391071284262,0.7216635642351804
857,0.6453662357948444,0.6444762553368415
858,0.6401254119696435,0.6096070037855135
859,0.6315454620638014,0.6013186732372204
860,0.6170771728327238,0.5617555304840728
861,0.6297950927122132,0.6228379002817861
862,0.6269950740867187,0.6214136193682264
863,0.624782274534673,0.5847677371718667
864,0.6125667992197437,0.6031122124278462
865,0.613405528848553,0.5915239465820206
866,0.6371640749183706,0.6241281812007611
867,0.640968504216936,0.5880430845113901
868,0.6311067403834548,0.5711477636457323
869,0.6234090883422783,0.5868443488241075
870,0.6408019752414142,0.6222335008474497
871,0.6381107797593252,0.608414467814919
872,0.6288486737527964,0.5928089797913612
873,0.6340878920054731,0.6901160957929972
874,0.636536229171871,0.5771948186667649
875,0.6147010186572133,0.6003226683689997
876,0.6485021847265741,0.9215296444359359
877,0.6638056315021754,0.6632946512915872
878,0.632287509205901,0.5567903360286792
879,0.623604276739521,0.634725835356679
880,0.6272645099663436,0.6912255774844777
881,0.6659644142345148,0.700323818446873
882,0.648167232010099,0.6326696247487635
883,0.6447224873083613,0.6202289791373939
884,0.6485857622858914,0.8307739212796404
885,0.661990887736096,0.6677238036702563
886,0.6492380485858453,0.6137624178733025
887,0.617104084771356,0.5628611999791819
888,0.6698800017804271,0.7144282576921103
889,0.6426544720008054,0.6357673948461359
890,0.638762980037265,0.6155873937206668
891,0.6332348811037739,0.5938021982466424
892,0.624436486576811,0.5633093854347309
893,0.6145274915812918,0.5581587467577074
894,0.6089759904661304,0.5899004448543895
895,0.64408432620543,0.5511551201343536
896,0.6303944737822917,0.5861486033959822
897,0.6320870322945669,0.5932940890739015
898,0.6319162713156803,0.5804556237234102
899,0.6087760522041802,0.6184797107756554
900,0.6000260579733191,0.5611264593117721
901,0.6460507637924615,0.6257764713747518
902,0.6391683054559028,0.5993864828056389
903,0.623593408752371,0.5531023734516197
904,0.6313375907179753,0.5439184155914333
905,0.6082675932366176,0.5577305567848099
906,0.6082473626843217,0.5581271200330107
907,0.6128000860596874,0.6051025699068616
908,0.6061999048715765,0.6111637874916717
909,0.6078247006292683,0.5852609935340348
910,0.5967760285477576,0.5341214648076704
911,0.5973065397989603,0.5930377215772242
912,0.6539845030616832,0.5604449996164629
913,0.6400353337511605,0.6365471590648998
914,0.6428267897647102,0.6808153082440783
915,0.6528819800159071,0.6465068017686164
916,0.6507149803049774,0.6220201629025119
917,0.6493668808613292,0.622179604076839
918,0.6475665411095556,0.5994153885574608
919,0.6435254706276787,0.6188431999066493
920,0.6400093510562989,0.6013909686695446
921,0.6277464844562382,0.5941651150896833
922,0.6124439248332275,0.6510168801654469
923,0.6260383580937802,0.5981605640658132
924,0.6321589347756927,0.645798716094944
925,0.6355249711024907,0.6202123390211092
926,0.6252047282678118,0.6023023687042557
927,0.6051693329104673,0.5637109798568112
928,0.6418503667469379,0.4357783225449649
929,0.6240537839171318,0.5053072515484336
930,0.6067265504672215,0.5009284663450467
931,0.5911382456620535,0.48802060743311904
932,0.5945038033120431,0.4995527400837078
933,0.6101294168719541,0.5133557657261828
934,0.6013324347543122,0.5027015350915335
935,0.7597046148629832,0.5163883266749082
936,0.6416392047464111,0.5365678236617909
937,0.6368995757750519,0.5607866073821808
938,0.63505217867133,0.5733972421059241
939,0.631529216339559,0.586183106565809
940,0.6259760345941697,0.5787413574598886
941,0.6217288627300731,0.5941790113082299
942,0.6268861618306905,0.6361311582418588
943,0.6214320660373309,0.5848597154750691
944,0.595836018706545,0.5841278669300612
945,0.6376779838108723,0.7159755434189643
946,0.6246513277660178,0.6150941373584987
947,0.6024752983340516,0.571313282409748
948,0.6098817081363112,0.5804536899069807
949,0.6039319031032518,0.5844740857194354
950,0.5997306928222572,0.5861826545291847
951,0.581201895151609,0.5668456216792127
952,0.6473153750837584,0.7218364227068174
953,0.6533638936501968,0.670460460486112
954,0.6439126280354865,0.5979560555278004
955,0.6573224229577154,0.49258832227100025
956,0.620730845207049,0.5406250186733432
957,0.6207483883257267,0.5715063818684825
958,0.6193910357392871,0.5715368112900874
959,0.6178432623545325,0.5907829728993502
960,0.6163198780866317,0.5962168036640941
961,0.6009602563616673,0.5866380871592701
962,0.5980011447712235,0.5619145763087106
963,0.5959173783843897,0.5837012454346343
964,0.5916646290708463,0.589023213078092
965,0.6002368595865031,0.6000607338818637
966,0.626872609132602,0.6214213192046105
967,0.6397301555415722,0.5976284613142481
968,0.6280689760490702,0.5928609116927727
969,0.6067970644544678,0.5787411911504252
970,0.6332582932563469,0.7855010682886298
971,0.6357259161678365,0.5991653912550919
972,0.6300074511840015,0.596274505962025
973,0.608498156659397,0.5620765029550432
974,0.6190079056186439,0.5327290077726324
975,0.6220370268380202,0.5521248745751548
976,0.619250375179597,0.4785885289832429
977,0.6099816368685825,0.5886889550235722
978,0.6381693909933531,0.6017211592280781
979,0.6369291417392673,0.7845852570933896
980,0.663966189858354,0.6716772713861265
981,0.6610642224182326,0.6528559473011043
982,0.6541454431451393,0.6064068374933896
983,0.646476063095494,0.6081802503212349
984,0.6442343297563957,0.5858994247196437
985,0.6330196059780353,0.5961485771866112
986,0.6168101817001526,0.5934865795649015
987,0.6099970583562496,0.664917324389611
988,0.7004866232842567,0.512083165503882
989,0.6670153119681795,0.6397488629901326
990,0.6522856365015478,0.6261685107137773
991,0.6482638777038197,0.6271304088038998
992,0.6451601512638147,0.6208013950527965
993,0.6413114718448973,0.6151593540098284
994,0.6240937392652768,0.5751327726390812
995,0.6545988927652809,0.6757238282190337
996,0.6552182484556124,0.6330015063285828
997,0.6509034530616099,0.6174595489368572
998,0.6383819719891487,0.6190201669306188
999,0.6627124514844684,0.7760874224709464
